column,train_non_missing_n,train_missing_n,train_missing_fraction,train_unique_non_missing_n,train_mode_value,train_mode_count,train_mode_fraction,train_numeric_observed_n,train_numeric_mean,train_numeric_variance,test_non_missing_n,test_missing_n,test_missing_fraction,test_unique_non_missing_n,test_mode_value,test_mode_count,test_mode_fraction,test_numeric_observed_n,test_numeric_mean,test_numeric_variance,combined_unique_non_missing_n,mode_comparison_eligible,mode_value_match,missing_fraction_abs_diff,mode_fraction_abs_diff,numeric_mean_abs_diff,numeric_standardized_mean_diff,missingness_shift_flag,mode_shift_flag,numeric_mean_shift_flag,train_test_shift_flag,keep_for_modeling,drop_reason
npi_sleep_severity,40,686,0.9449035812672176,3,1.0,31,0.775,40,1.25,0.2375,1,77,0.9871794871794872,1,1.0,1,1.0,1,1.0,,3,1,1,0.042275905912269596,0.22499999999999998,0.25,0.5129891760425771,0,1,1,1,0,high_missingness
NPIK1,53,673,0.9269972451790633,2,0.0,32,0.6037735849056604,53,0.39622641509433965,0.23923104307582768,7,71,0.9102564102564102,2,1.0,4,0.5714285714285714,7,0.5714285714285714,0.2448979591836735,2,1,0,0.016740834922653103,0.03234501347708896,0.17520215633423175,0.35610157516169866,0,1,0,1,0,high_missingness
NPIK2,53,673,0.9269972451790633,2,1.0,35,0.660377358490566,53,0.660377358490566,0.2242791028835885,7,71,0.9102564102564102,2,0.0,4,0.5714285714285714,7,0.42857142857142855,0.24489795918367344,2,1,0,0.016740834922653103,0.0889487870619946,0.23180592991913745,0.4785983023107783,0,1,0,1,0,high_missingness
NPIK6,53,673,0.9269972451790633,2,0.0,38,0.7169811320754716,53,0.2830188679245283,0.20291918832324674,7,71,0.9102564102564102,1,0.0,7,1.0,7,0.0,0.0,2,1,1,0.016740834922653103,0.28301886792452835,0.2830188679245283,0.8885233166386385,0,1,1,1,0,high_missingness
NPIK7,53,673,0.9269972451790633,2,0.0,39,0.7358490566037735,53,0.2641509433962264,0.19437522249911,7,71,0.9102564102564102,1,0.0,7,1.0,7,0.0,0.0,2,1,1,0.016740834922653103,0.26415094339622647,0.2641509433962264,0.8473185457363234,0,1,1,1,0,high_missingness
NPIK9A,53,673,0.9269972451790633,4,3.0,24,0.4528301886792453,53,2.7547169811320753,0.8266286934852259,7,71,0.9102564102564102,2,3.0,4,0.5714285714285714,7,2.142857142857143,0.979591836734694,4,1,1,0.016740834922653103,0.1185983827493261,0.6118598382749325,0.6438453422566519,0,0,1,1,0,high_missingness
NPIK9B,53,673,0.9269972451790633,3,1.0,38,0.7169811320754716,53,1.3584905660377358,0.3809184763260947,7,71,0.9102564102564102,1,1.0,7,1.0,7,1.0,0.0,3,1,1,0.016740834922653103,0.28301886792452835,0.35849056603773577,0.821441632217522,0,1,1,1,0,high_missingness
npi_sleep_symptom_count,53,673,0.9269972451790633,4,1.0,22,0.41509433962264153,53,1.9245283018867925,0.8244927020291918,7,71,0.9102564102564102,3,2.0,3,0.42857142857142855,7,1.2857142857142858,0.489795918367347,5,1,0,0.016740834922653103,0.01347708894878702,0.6388140161725067,0.7880323755250299,0,1,1,1,0,high_missingness
NPID8,60,666,0.9173553719008265,2,0.0,51,0.85,60,0.15,0.1275,8,70,0.8974358974358975,1,0.0,8,1.0,8,0.0,0.0,2,1,1,0.019919474464929032,0.15000000000000002,0.15,0.5940885257860046,0,0,1,1,0,high_missingness
NPID1,61,665,0.9159779614325069,2,0.0,41,0.6721311475409836,61,0.32786885245901637,0.22037086804622416,8,70,0.8974358974358975,2,0.0,7,0.875,8,0.125,0.109375,2,1,1,0.018542063996609404,0.20286885245901642,0.20286885245901637,0.4996210057769563,0,1,0,1,0,high_missingness
NPID2,61,665,0.9159779614325069,2,1.0,51,0.8360655737704918,61,0.8360655737704918,0.13705993012631013,8,70,0.8974358974358975,1,1.0,8,1.0,8,1.0,0.0,2,1,1,0.018542063996609404,0.16393442622950816,0.16393442622950816,0.6262242910851493,0,0,1,1,0,high_missingness
npi_depression_symptom_count,61,665,0.9159779614325069,7,1.0,21,0.3442622950819672,61,2.0655737704918034,1.4383230314431605,8,70,0.8974358974358975,3,1.0,5,0.625,8,1.5,0.5,7,1,1,0.018542063996609404,0.2807377049180328,0.5655737704918034,0.5745015170281024,0,1,1,1,0,high_missingness
npi_depression_severity,0,726,1.0,0,,0,,0,,,0,78,1.0,0,,0,,0,,,0,1,,0.0,,,,0,0,0,0,0,all_missing_in_train
blurred_vision_symptom,16,710,0.977961432506887,2,0.0,12,0.75,16,0.25,0.1875,0,78,1.0,0,,0,,0,,,2,1,,0.02203856749311295,,,,0,0,0,0,0,high_missingness
chest_pain_symptom,16,710,0.977961432506887,1,0.0,16,1.0,16,0.0,0.0,0,78,1.0,0,,0,,0,,,1,1,,0.02203856749311295,,,,0,0,0,0,0,high_missingness
depressed_mood_symptom,16,710,0.977961432506887,2,0.0,13,0.8125,16,0.1875,0.15234375,0,78,1.0,0,,0,,0,,,2,1,,0.02203856749311295,,,,0,0,0,0,0,high_missingness
fall_symptom,16,710,0.977961432506887,2,0.0,13,0.8125,16,0.1875,0.15234375,0,78,1.0,0,,0,,0,,,2,1,,0.02203856749311295,,,,0,0,0,0,0,high_missingness
headache_symptom,16,710,0.977961432506887,2,0.0,13,0.8125,16,0.1875,0.15234375,0,78,1.0,0,,0,,0,,,2,1,,0.02203856749311295,,,,0,0,0,0,0,high_missingness
insomnia_symptom,16,710,0.977961432506887,2,0.0,13,0.8125,16,0.1875,0.15234375,0,78,1.0,0,,0,,0,,,2,1,,0.02203856749311295,,,,0,0,0,0,0,high_missingness
musculoskeletal_pain_symptom,16,710,0.977961432506887,2,0.0,9,0.5625,16,0.4375,0.24609375,0,78,1.0,0,,0,,0,,,2,1,,0.02203856749311295,,,,0,0,0,0,0,high_missingness
symptom_burden_current,16,710,0.977961432506887,4,1.0,6,0.375,16,1.4375,0.99609375,0,78,1.0,0,,0,,0,,,4,1,,0.02203856749311295,,,,0,0,0,0,0,high_missingness
NPIK8,52,674,0.928374655647383,2,0.0,50,0.9615384615384616,52,0.038461538461538464,0.036982248520710054,7,71,0.9102564102564102,2,0.0,6,0.8571428571428571,7,0.14285714285714285,0.12244897959183676,2,1,1,0.01811824539097273,0.10439560439560447,0.10439560439560439,0.36975198574185564,0,0,0,0,0,high_missingness
NPIK3,53,673,0.9269972451790633,2,0.0,52,0.9811320754716981,53,0.018867924528301886,0.01851192595229619,7,71,0.9102564102564102,1,0.0,7,1.0,7,0.0,0.0,2,1,1,0.016740834922653103,0.018867924528301883,0.018867924528301886,0.19611613513818404,0,0,0,0,0,high_missingness
NPIK4,53,673,0.9269972451790633,2,0.0,39,0.7358490566037735,53,0.2641509433962264,0.19437522249911,7,71,0.9102564102564102,2,0.0,6,0.8571428571428571,7,0.14285714285714285,0.12244897959183677,2,1,1,0.016740834922653103,0.12129380053908356,0.12129380053908356,0.3047505001862777,0,0,0,0,0,high_missingness
NPIK5,53,673,0.9269972451790633,1,0.0,53,1.0,53,0.0,0.0,7,71,0.9102564102564102,1,0.0,7,1.0,7,0.0,0.0,1,1,1,0.016740834922653103,0.0,0.0,0.0,0,0,0,0,0,high_missingness
NPIK9C,53,673,0.9269972451790633,5,0.0,21,0.39622641509433965,53,1.1320754716981132,1.4353862584549661,7,71,0.9102564102564102,3,0.0,3,0.42857142857142855,7,0.7142857142857143,0.4897959183673469,5,1,1,0.016740834922653103,0.0323450134770889,0.4177897574123989,0.42583060369849135,0,0,0,0,0,high_missingness
NPID3,61,665,0.9159779614325069,2,0.0,44,0.7213114754098361,61,0.2786885245901639,0.20102123085192153,8,70,0.8974358974358975,2,0.0,7,0.875,8,0.125,0.109375,2,1,1,0.018542063996609404,0.1536885245901639,0.1536885245901639,0.3901200037653758,0,0,0,0,0,high_missingness
NPID4,61,665,0.9159779614325069,2,0.0,59,0.9672131147540983,61,0.03278688524590164,0.03171190540177372,8,70,0.8974358974358975,1,0.0,8,1.0,8,0.0,0.0,2,1,1,0.018542063996609404,0.032786885245901676,0.03278688524590164,0.26037782196164777,0,0,0,0,0,high_missingness
NPID5,61,665,0.9159779614325069,2,0.0,44,0.7213114754098361,61,0.2786885245901639,0.20102123085192153,8,70,0.8974358974358975,2,0.0,6,0.75,8,0.25,0.1875,2,1,1,0.018542063996609404,0.02868852459016391,0.02868852459016391,0.06509023410571702,0,0,0,0,0,high_missingness
NPID6,61,665,0.9159779614325069,2,0.0,55,0.9016393442622951,61,0.09836065573770492,0.08868583714055361,8,70,0.8974358974358975,1,0.0,8,1.0,8,0.0,0.0,2,1,1,0.018542063996609404,0.09836065573770492,0.09836065573770492,0.46709936649691375,0,0,0,0,0,high_missingness
NPID7,61,665,0.9159779614325069,2,0.0,57,0.9344262295081968,61,0.06557377049180328,0.061273851115291586,8,70,0.8974358974358975,1,0.0,8,1.0,8,0.0,0.0,2,1,1,0.018542063996609404,0.06557377049180324,0.06557377049180328,0.3746343246326776,0,0,0,0,0,high_missingness
NPID9A,61,665,0.9159779614325069,4,1.0,40,0.6557377049180327,61,1.5245901639344261,0.6756248320343993,8,70,0.8974358974358975,3,1.0,4,0.5,8,1.625,0.484375,4,1,1,0.018542063996609404,0.15573770491803274,0.10040983606557385,0.13184458352341205,0,0,0,0,0,high_missingness
NPID9B,61,665,0.9159779614325069,3,1.0,50,0.819672131147541,61,1.1967213114754098,0.19080892233270624,8,70,0.8974358974358975,2,1.0,7,0.875,8,1.125,0.109375,3,1,1,0.018542063996609404,0.055327868852458995,0.07172131147540983,0.1851268903541424,0,0,0,0,0,high_missingness
NPID9C,61,665,0.9159779614325069,5,1.0,22,0.36065573770491804,61,1.639344262295082,0.9518946519752756,8,70,0.8974358974358975,3,1.0,4,0.5,8,1.75,0.9375,5,1,1,0.018542063996609404,0.13934426229508196,0.11065573770491799,0.11384857387370291,0,0,0,0,0,high_missingness
baseline_stroke,441,285,0.3925619834710744,2,0.0,439,0.9954648526077098,441,0.0045351473922902496,0.004514579830420452,46,32,0.41025641025641024,1,0.0,46,1.0,46,0.0,0.0,2,1,1,0.017694426785335837,0.0045351473922902175,0.0045351473922902496,0.09545479198066953,0,0,0,0,0,mode_dominance
baseline_chest_pain,511,215,0.29614325068870523,2,0.0,504,0.9863013698630136,511,0.0136986301369863,0.01351097766935635,60,18,0.23076923076923078,2,0.0,58,0.9666666666666667,60,0.03333333333333333,0.032222222222222215,2,1,1,0.06537401991947445,0.01963470319634697,0.019634703196347032,0.1298444956620736,0,0,0,0,0,mode_dominance
baseline_vomiting,511,215,0.29614325068870523,2,0.0,507,0.9921722113502935,511,0.007827788649706457,0.007766514374561984,60,18,0.23076923076923078,1,0.0,60,1.0,60,0.0,0.0,2,1,1,0.06537401991947445,0.007827788649706457,0.007827788649706457,0.12561485860426552,0,0,0,0,0,mode_dominance
hachinski_stroke_history,689,37,0.05096418732782369,2,0.0,678,0.9840348330914369,689,0.015965166908563134,0.01571028035414486,75,3,0.038461538461538464,1,0.0,75,1.0,75,0.0,0.0,2,1,1,0.01250264886628523,0.01596516690856309,0.015965166908563134,0.18013433204450763,0,0,0,0,0,mode_dominance
has_baseline_row,726,0,0.0,1,1,726,1.0,726,1.0,0.0,78,0,0.0,1,1,78,1.0,78,1.0,0.0,1,1,1,0.0,0.0,0.0,0.0,0,0,0,0,0,constant_in_train
has_screening_row,726,0,0.0,1,1,726,1.0,726,1.0,0.0,78,0,0.0,1,1,78,1.0,78,1.0,0.0,1,1,1,0.0,0.0,0.0,0.0,0,0,0,0,0,constant_in_train
screening_fallback_allowed,726,0,0.0,1,1,726,1.0,726,1.0,0.0,78,0,0.0,1,1,78,1.0,78,1.0,0.0,1,1,1,0.0,0.0,0.0,0.0,0,0,0,0,0,constant_in_train
hachinski_total_score,689,37,0.05096418732782369,5,0.0,350,0.5079825834542816,689,0.579100145137881,0.48757480709722134,75,3,0.038461538461538464,4,1.0,36,0.48,75,0.6133333333333333,0.4504888888888888,5,1,0,0.01250264886628523,0.027982583454281618,0.03423318819545229,0.049985746357060254,0,1,0,1,1,
faq_any_impairment,719,7,0.009641873278236915,2,0.0,430,0.5980528511821975,719,0.4019471488178025,0.24038563837504184,78,0,0.0,2,0.0,67,0.8589743589743589,78,0.14102564102564102,0.12113740959894806,2,1,1,0.009641873278236915,0.2609215077921614,0.2609215077921615,0.6137010727532853,0,1,1,1,1,
faq_total,719,7,0.009641873278236915,20,0.0,430,0.5980528511821975,719,2.030598052851182,13.631887124947527,78,0,0.0,4,0.0,67,0.8589743589743589,78,0.24358974358974358,0.46630506245890846,20,0,,0.009641873278236915,0.2609215077921614,1.7870083092614384,0.6730694153660703,0,0,1,1,1,
adas13_total,722,4,0.005509641873278237,98,9.0,19,0.02631578947368421,722,13.429238227146815,56.38901174657193,78,0,0.0,41,8.67,5,0.0641025641025641,78,9.726410256410258,19.09974352399737,98,0,,0.005509641873278237,0.03778677462887989,3.702827970736557,0.6027086179019417,0,0,1,1,1,
adas_q4_q14_delta,722,4,0.005509641873278237,34,3.0,97,0.13434903047091412,722,5.070637119113574,10.209691837846549,78,0,0.0,14,2.0,19,0.24358974358974358,78,3.5384615384615383,4.017751479289942,34,0,,0.005509641873278237,0.10924071311882946,1.5321755806520354,0.5744604078465961,0,0,1,1,1,
faq_games,722,4,0.005509641873278237,6,0.0,594,0.8227146814404432,722,0.4404432132963989,1.1024086678279021,78,0,0.0,2,0.0,75,0.9615384615384616,78,0.038461538461538464,0.03698224852071006,6,1,1,0.005509641873278237,0.13882378009801832,0.40198167483486047,0.5325800287434579,0,0,1,1,1,
faq_finances,723,3,0.004132231404958678,6,0.0,552,0.7634854771784232,723,0.6680497925311203,1.7985227527074257,78,0,0.0,4,0.0,72,0.9230769230769231,78,0.11538461538461539,0.20463510848126232,6,1,1,0.004132231404958678,0.15959144589849994,0.5526651771465049,0.5522293831666787,0,0,1,1,1,
faq_forms,723,3,0.004132231404958678,6,0.0,522,0.7219917012448133,723,0.7648686030428768,1.994505757285324,78,0,0.0,3,0.0,69,0.8846153846153846,78,0.16666666666666666,0.29273504273504286,6,1,1,0.004132231404958678,0.16262368337057131,0.5982019363762102,0.5593799137426149,0,0,1,1,1,
faq_reminders,724,2,0.0027548209366391185,6,0.0,511,0.7058011049723757,724,0.9779005524861878,2.4470254265742803,78,0,0.0,4,0.0,73,0.9358974358974359,78,0.19230769230769232,0.5655818540433923,6,1,1,0.0027548209366391185,0.2300963309250602,0.7855928601784955,0.64009032800876,0,1,1,1,1,
logical_memory_retention_ratio,724,2,0.0027548209366391185,111,1.0,105,0.14502762430939226,724,0.7741675953810124,0.12826756948206344,78,0,0.0,38,1.0,22,0.28205128205128205,78,0.9525993401648318,0.042710629643957436,117,0,,0.0027548209366391185,0.1370236577418898,0.1784317447838194,0.610262594155489,0,0,1,1,1,
adas11_total,725,1,0.0013774104683195593,67,4.0,35,0.04827586206896552,725,8.376441379310345,22.89197243966706,78,0,0.0,29,6.67,6,0.07692307692307693,78,6.187948717948718,8.574141946088101,67,0,,0.0013774104683195593,0.02864721485411141,2.188492661361627,0.5517451622665507,0,0,1,1,1,
cdrsb,726,0,0.0,12,0.0,407,0.5606060606060606,726,0.7568870523415978,1.1574938908240937,78,0,0.0,2,0.0,74,0.9487179487179487,78,0.02564102564102564,0.012163050624589092,12,0,,0.0,0.3881118881118881,0.7312460267005721,0.9562011592580647,0,0,1,1,1,
logical_memory_delayed,726,0,0.0,24,13.0,54,0.0743801652892562,726,9.345730027548209,30.289561657142425,78,0,0.0,15,12.0,12,0.15384615384615385,78,12.602564102564102,10.572813938198554,24,0,,0.0,0.07946598855689765,3.2568340750158935,0.7205246205653806,0,0,1,1,1,
logical_memory_immediate,726,0,0.0,24,14.0,66,0.09090909090909091,726,11.276859504132231,22.065222093208572,78,0,0.0,18,14.0,12,0.15384615384615385,78,13.474358974358974,11.99293228139382,24,0,,0.0,0.06293706293706294,2.1974994702267434,0.5325166877624694,0,0,1,1,1,
csf_abeta40,139,587,0.8085399449035813,134,16410.0,3,0.02158273381294964,139,18129.56834532374,29923365.28130014,19,59,0.7564102564102564,19,18510.0,1,0.05263157894736842,19,17419.473684210527,23819931.30193906,152,0,,0.05212968849332489,0.031048845134418777,710.0946611132131,0.136983763566268,0,0,0,0,1,
csf_abeta42_abeta40_ratio,139,587,0.8085399449035813,139,0.05720179372197309,1,0.007194244604316547,139,0.06328853935294444,0.0006593026940350484,19,59,0.7564102564102564,19,0.0255537547271745,1,0.05263157894736842,19,0.06481174937304172,0.0007462890595155095,158,0,,0.05212968849332489,0.045437334343051874,0.001523210020097282,0.0574572962294995,0,0,0,0,1,
plasma_abeta42,224,502,0.6914600550964187,211,27.12,2,0.008928571428571428,224,24.751785714285713,39.99495841836735,25,53,0.6794871794871795,25,21.5,1,0.04,25,25.132799999999996,93.77394816,229,0,,0.011972875609239209,0.031071428571428573,0.38101428571428286,0.04658849365305801,0,0,0,0,1,
plasma_abeta42_abeta40_ratio,224,502,0.6914600550964187,187,0.0973,4,0.017857142857142856,224,0.0903633135,0.0017903056863654205,25,53,0.6794871794871795,25,0.07,1,0.04,25,0.08997244448,0.00032506760606052204,206,0,,0.011972875609239209,0.022142857142857145,0.0003908690200000037,0.012018568395940094,0,0,0,0,1,
plasma_ptau217,224,502,0.6914600550964187,174,0.065,4,0.017857142857142856,224,0.27044196428571426,0.09996251448899872,25,53,0.6794871794871795,25,0.1,1,0.04,25,0.19284,0.0160402944,187,0,,0.011972875609239209,0.022142857142857145,0.07760196428571425,0.3222207168921179,0,0,0,0,1,
plasma_ptau217_abeta42_ratio,224,502,0.6914600550964187,213,0.00305,3,0.013392857142857142,224,0.013361145888392859,0.00044292618866884705,25,53,0.6794871794871795,25,0.00465,1,0.04,25,0.01085241648,0.0002413624974465328,236,0,,0.011972875609239209,0.026607142857142857,0.002508729408392859,0.1356279317008442,0,0,0,0,1,
npi_depression_item_score,439,287,0.3953168044077135,8,0.0,378,0.8610478359908884,439,0.2733485193621868,0.8956678306982634,46,32,0.41025641025641024,4,0.0,38,0.8260869565217391,46,0.30434782608695654,0.5160680529300568,8,1,1,0.014939605848696746,0.034960879469149275,0.03099930672476975,0.03689693169299888,0,0,0,0,1,
npi_sleep_item_score,439,287,0.3953168044077135,9,0.0,386,0.8792710706150342,439,0.4760820045558087,2.559222918104411,46,32,0.41025641025641024,3,0.0,39,0.8478260869565217,46,0.32608695652173914,0.7414933837429111,9,1,1,0.014939605848696746,0.03144498365851245,0.14999504803406954,0.11675831536351892,0,0,0,0,1,
hemoglobin,451,275,0.3787878787878788,59,14.5,21,0.04656319290465632,451,13.900221729490022,1.4067627002817096,53,25,0.32051282051282054,33,14.6,3,0.05660377358490566,53,13.799999999999999,1.3984905660377354,62,0,,0.058275058275058245,0.010040580680249343,0.10022172949002339,0.0846234744284708,0,0,0,0,1,
vitamin_b12,456,270,0.371900826446281,347,316.0,5,0.010964912280701754,456,533.4802631578947,150333.81539993075,52,26,0.3333333333333333,49,255.0,2,0.038461538461538464,52,545.6346153846154,111014.50110946748,377,0,,0.03856749311294766,0.02749662618083671,12.154352226720675,0.0336230388334959,0,0,0,0,1,
csf_ptau_abeta42_ratio,468,258,0.35537190082644626,468,0.039105956536426074,1,0.002136752136752137,468,0.034558847232325496,0.0008402838855418358,54,24,0.3076923076923077,54,0.04336495888678052,1,0.018518518518518517,54,0.0266654393300765,0.00045111165779035005,522,0,,0.047679593134138554,0.01638176638176638,0.007893407902248996,0.31063465319912603,0,0,0,0,1,
csf_ptau,469,257,0.35399449035812675,433,16.77,3,0.006396588486140725,469,26.864904051172708,189.95827147267016,54,24,0.3076923076923077,53,21.4,2,0.037037037037037035,54,21.611851851851853,85.38110027434843,480,0,,0.046302182665819036,0.03064044855089631,5.253052199320855,0.4477056298801943,0,0,0,0,1,
csf_ptau_tau_ratio,469,257,0.35399449035812675,469,0.0977759009009009,1,0.0021321961620469083,469,0.0934075804268489,9.403937799758015e-05,54,24,0.3076923076923077,54,0.09853406151192873,1,0.018518518518518517,54,0.09061774551258218,6.556777930191033e-05,523,0,,0.046302182665819036,0.01638632235647161,0.002789834914266709,0.3122966471400382,0,0,0,0,1,
csf_tau_abeta42_ratio,469,257,0.35399449035812675,469,0.39995496002702396,1,0.0021321961620469083,469,0.3514807530000808,0.06757105963115966,54,24,0.3076923076923077,54,0.44010120177103096,1,0.018518518518518517,54,0.2825140242904037,0.04259612682018733,523,0,,0.046302182665819036,0.01638632235647161,0.06896672870967713,0.29385189475517054,0,0,0,0,1,
csf_tau,470,256,0.3526170798898072,446,250.1,3,0.006382978723404255,470,280.2440638297872,14417.969004123586,54,24,0.3076923076923077,54,347.9,1,0.018518518518518517,54,234.6888888888889,7352.0302469135795,490,0,,0.04492477219749946,0.012135539795114263,45.5551749408983,0.436639991162775,0,0,0,0,1,
csf_abeta42,471,255,0.3512396694214876,448,1079.0,3,0.006369426751592357,471,1080.0721868365179,373613.1151712262,54,24,0.3076923076923077,54,790.5,1,0.018518518518518517,54,1135.953703703704,356901.82174554176,497,0,,0.04354736172917989,0.01214909176692616,55.881516867186065,0.09246313916831353,0,0,0,0,1,
baseline_blurred_vision,511,215,0.29614325068870523,2,0.0,479,0.9373776908023483,511,0.06262230919765166,0.05870075558840537,60,18,0.23076923076923078,2,0.0,57,0.95,60,0.05,0.04749999999999998,2,1,1,0.06537401991947445,0.012622309197651616,0.012622309197651657,0.054775961424723414,0,0,0,0,1,
baseline_depressed_mood,511,215,0.29614325068870523,2,0.0,457,0.8943248532289628,511,0.10567514677103718,0.09450791012595693,60,18,0.23076923076923078,2,0.0,57,0.95,60,0.05,0.047499999999999994,2,1,1,0.06537401991947445,0.05567514677103713,0.05567514677103717,0.20893928315553834,0,0,0,0,1,
baseline_fall,511,215,0.29614325068870523,2,0.0,482,0.9432485322896281,511,0.05675146771037182,0.05353073862309044,60,18,0.23076923076923078,2,0.0,58,0.9666666666666667,60,0.03333333333333333,0.032222222222222215,2,1,1,0.06537401991947445,0.023418134377038546,0.023418134377038484,0.11309482411100695,0,0,0,0,1,
baseline_headache,511,215,0.29614325068870523,2,0.0,458,0.8962818003913894,511,0.10371819960861056,0.09296073467855898,60,18,0.23076923076923078,2,0.0,57,0.95,60,0.05,0.047499999999999994,2,1,1,0.06537401991947445,0.05371819960861057,0.05371819960861056,0.20270244101514914,0,0,0,0,1,
baseline_insomnia,511,215,0.29614325068870523,2,0.0,431,0.8434442270058709,511,0.15655577299412915,0.1320460629363399,60,18,0.23076923076923078,2,0.0,52,0.8666666666666667,60,0.13333333333333333,0.11555555555555558,2,1,1,0.06537401991947445,0.023222439660795846,0.02322243966079582,0.06600032914007097,0,0,0,0,1,
baseline_musculoskeletal_pain,511,215,0.29614325068870523,2,0.0,301,0.589041095890411,511,0.410958904109589,0.24207168324263462,60,18,0.23076923076923078,2,0.0,35,0.5833333333333334,60,0.4166666666666667,0.24305555555555552,2,1,1,0.06537401991947445,0.005707762557077611,0.005707762557077667,0.011589189546769532,0,0,0,0,1,
symptom_burden_baseline,511,215,0.29614325068870523,7,0.0,210,0.410958904109589,511,0.9178082191780822,1.0147709299520145,60,18,0.23076923076923078,5,0.0,29,0.48333333333333334,60,0.7666666666666667,0.9122222222222224,8,1,1,0.06537401991947445,0.07237442922374432,0.15114155251141548,0.15397804139852383,0,0,0,0,1,
hachinski_hypertension_history,689,37,0.05096418732782369,2,0.0,373,0.5413642960812772,689,0.45863570391872277,0.24828899500970047,75,3,0.038461538461538464,2,0.0,38,0.5066666666666667,75,0.49333333333333335,0.2499555555555556,2,1,1,0.01250264886628523,0.03469762941461052,0.034697629414610576,0.06951740041142748,0,0,0,0,1,
somatic_complaints,689,37,0.05096418732782369,2,0.0,671,0.9738751814223512,689,0.026124818577648767,0.025442312431933702,75,3,0.038461538461538464,2,0.0,73,0.9733333333333334,75,0.02666666666666667,0.025955555555555558,2,1,1,0.01250264886628523,0.0005418480890178046,0.0005418480890179017,0.00338002561544185,0,0,0,0,1,
faq_tv,723,3,0.004132231404958678,5,0.0,632,0.8741355463347165,723,0.3914246196403873,1.0902169192832234,78,0,0.0,3,0.0,76,0.9743589743589743,78,0.0641025641025641,0.16255752794214332,5,1,1,0.004132231404958678,0.10022342802425788,0.3273220555378232,0.4135745676372652,0,0,0,0,1,
faq_beverages,724,2,0.0027548209366391185,6,0.0,682,0.9419889502762431,724,0.1643646408839779,0.48817763499282674,78,0,0.0,3,0.0,76,0.9743589743589743,78,0.05128205128205128,0.12557527942143323,6,1,1,0.0027548209366391185,0.032370024082731264,0.11308258960192662,0.20413334844332695,0,0,0,0,1,
faq_events,724,2,0.0027548209366391185,6,0.0,625,0.8632596685082873,724,0.43646408839779005,1.3067366685998596,78,0,0.0,3,0.0,74,0.9487179487179487,78,0.1282051282051282,0.3425378040762654,6,1,1,0.0027548209366391185,0.0854582802096614,0.30825896019266186,0.3394565854802875,0,0,0,0,1,
faq_meal_prep,724,2,0.0027548209366391185,6,0.0,584,0.8066298342541437,724,0.40607734806629836,0.9483608558957298,78,0,0.0,3,0.0,71,0.9102564102564102,78,0.11538461538461539,0.17899408284023674,6,1,1,0.0027548209366391185,0.10362657600226655,0.29069273268168294,0.38718527870983327,0,0,0,0,1,
faq_shopping,724,2,0.0027548209366391185,6,0.0,623,0.8604972375690608,724,0.3660220994475138,1.002768154207747,78,0,0.0,2,0.0,77,0.9871794871794872,78,0.01282051282051282,0.012656147271531885,6,1,1,0.0027548209366391185,0.1266822496104264,0.35320158662700096,0.4956942340726917,0,0,0,0,1,
faq_travel,724,2,0.0027548209366391185,6,0.0,623,0.8604972375690608,724,0.468232044198895,1.4616979793046607,78,0,0.0,2,0.0,76,0.9743589743589743,78,0.07692307692307693,0.22485207100591714,6,1,1,0.0027548209366391185,0.11386173678991351,0.3913089672758181,0.42612320147820687,0,0,0,0,1,
gds_depression_severity,725,1,0.0013774104683195593,8,0.0,300,0.41379310344827586,725,1.1241379310344828,1.755624256837099,78,0,0.0,6,0.0,41,0.5256410256410257,78,0.7948717948717948,1.239973701512163,8,1,1,0.0013774104683195593,0.1118479221927498,0.32926613616268796,0.26904213596960724,0,0,0,0,1,
auditory_impairment,726,0,0.0,2,0.0,666,0.9173553719008265,726,0.08264462809917356,0.07581449354552285,78,0,0.0,2,0.0,69,0.8846153846153846,78,0.11538461538461539,0.10207100591715972,2,1,1,0.0,0.03273998728544192,0.032739987285441835,0.1097800010220861,0,0,0,0,1,
delayed_cue_used,726,0,0.0,2,0.0,624,0.859504132231405,726,0.14049586776859505,0.1207567789085445,78,0,0.0,2,0.0,74,0.9487179487179487,78,0.05128205128205128,0.04865220249835637,2,1,1,0.0,0.0892138164865437,0.08921381648654376,0.30653417526401183,0,0,0,0,1,
gait_abnormality,726,0,0.0,2,0.0,651,0.8966942148760331,726,0.10330578512396695,0.09263369988388771,78,0,0.0,2,0.0,71,0.9102564102564102,78,0.08974358974358974,0.08168967784352402,2,1,1,0.0,0.013562195380377173,0.013562195380377201,0.04593748116073147,0,0,0,0,1,
mmse_total,726,0,0.0,10,30.0,229,0.3154269972451791,726,28.293388429752067,3.080589895954284,78,0,0.0,6,30.0,30,0.38461538461538464,78,28.94871794871795,1.458908612754767,10,1,1,0.0,0.06918838737020555,0.6553295189658819,0.43498150334764174,0,0,0,0,1,
neurovascular_burden,726,0,0.0,4,0.0,366,0.5041322314049587,726,0.6060606060606061,0.48668503213957764,78,0,0.0,4,0.0,37,0.47435897435897434,78,0.6538461538461539,0.5083826429980277,4,1,1,0.0,0.029773257045984325,0.04778554778554778,0.06774624954375942,0,0,0,0,1,
peripheral_vascular_exam_abnormal,726,0,0.0,2,0.0,686,0.9449035812672176,726,0.05509641873278237,0.05206080337560428,78,0,0.0,2,0.0,75,0.9615384615384616,78,0.038461538461538464,0.03698224852071006,2,1,1,0.0,0.016634880271243935,0.016634880271243907,0.07883782945100372,0,0,0,0,1,
physical_heart_exam_abnormal,726,0,0.0,2,0.0,671,0.9242424242424242,726,0.07575757575757576,0.07001836547291092,78,0,0.0,2,0.0,69,0.8846153846153846,78,0.11538461538461539,0.10207100591715973,2,1,1,0.0,0.03962703962703962,0.03962703962703963,0.135091991162042,0,0,0,0,1,
trail_a_time,726,0,0.0,78,29.0,32,0.0440771349862259,726,39.225895316804404,331.2161889366998,78,0,0.0,33,28.0,6,0.07692307692307693,78,34.87179487179487,117.72715318869163,78,0,,0.0,0.03284594193685103,4.354100445009536,0.29061476395265673,0,0,0,0,1,
